Target Speed,Current Speed,Target Pitch,Current Pitch 1,Current Pitch 2,,,,,,,,,,,,,,,,T,t,Mass A,,,,,,,,,
50,200,0,0,-1,,,,,,,,,,,,,,,,0.1,162.6,17.4,,,,,,,,,
50,200,0,0,-2,,,,,,,,,,,,,,,,0.133,153,27,,,mass A,,,,mass B,,
50,200,0,0,-1,,,,,,,,,,,,,,,,0.167,146.7,33.3,,t,?,,,t,?,,
50,200,0,0,-2,,,,1.05,,,,,,,,,,,,0.2,141.2,38.8,,0.1,162.6,17.4,,0.1,-42.2,42.2,10
50,200,0,0,-2,,,,1.5275,,,,,,,,,,,,0.233,138.1,41.9,,0.133,153,27,,0.133,-46.2,46.2,10
50,200,0,0,-1,,,,0.1804,,,,,,,,,,,,0.267,136,44,,0.167,146.7,33.3,,0.167,-48.1,48.1,10
50,200,0,0,-2,,,,,,,,,,,,,,,,0.3,134.7,45.3,,0.2,141.2,38.8,,0.2,-48.4,48.4,10
50,200,0,0,-2,,,,,,,,,,,,,,,,0.333,132.8,47.2,,0.233,138.1,41.9,,0.233,-47.3,47.3,10
50,200,0,0,-2,,,,,,,,,,,,,,,,0.367,132.3,47.7,,0.267,136,44,,0.267,-44.3,44.3,10
50,200,0,0,-2,,,,,,,,,,,,,,,,0.4,130.7,49.3,,0.3,134.7,45.3,,0.3,-43.1,43.1,10
50,200,0,0,-2,,,,,,,,,,,,,,,,0.433,136.7,43.3,,0.333,132.8,47.2,,0.333,-42.2,42.2,10
50,200,0,0,-2,,,,,,,,,,,,,,,,0.467,132.5,47.5,,0.367,132.3,47.7,,0.367,-41.1,41.1,10
50,200,0,0,-2,,,,,,,,,,,,,,,,0.5,135.7,44.3,,0.4,130.7,49.3,,0.4,-40.7,40.7,10
50,200,0,0,-2,,,,,,,,,,,,,,,,0.533,133.3,46.7,,0.433,136.7,43.3,,0.433,-40.5,40.5,10
50,200,0,0,-2,,,,,,,,,,,,,,,,0.567,138.9,41.1,,0.467,132.5,47.5,,0.467,-40.6,40.6,10
50,200,0,0,-2,,,,,,,,,,,,,,,,0.6,140.2,39.8,,0.5,135.7,44.3,,0.5,-40.2,40.2,10
50,200,0,0,-2,,,,,,,,,,,,,,,,0.633,142.2,37.8,,0.533,133.3,46.7,,0.533,-40.4,40.4,10
50,200,0,0,-2,,,,,,,,,,,,,,,,0.667,142.7,37.3,,0.567,138.9,41.1,,0.567,-40.7,40.7,10
50,200,0,0,-2,,,,,,,,,,,,,,,,0.7,145,35,,0.6,140.2,39.8,,0.6,-40.1,40.1,10
50,200,0,0,-2,,,,,,,,,,,,,,,,0.733,146.5,33.5,,0.633,142.2,37.8,,0.633,-40,40,10
50,200,0,0,-1,,,,,,,,,,,,,,,,0.767,147.6,32.4,,0.667,142.7,37.3,,0.667,-39.6,39.6,10
50,200,0,0,-2,,,,,,,,,,,,,,,,0.8,146.6,33.4,,0.7,145,35,,0.7,-38.4,38.4,10
50,200,0,0,-1,,,,,,,,,,,,,,,,0.833,148.9,31.1,,0.733,146.5,33.5,,0.733,-38,38,10
50,200,0,0,-2,,,,,,,,,,,,,,,,0.867,150.3,29.7,,0.767,147.6,32.4,,0.767,-37.3,37.3,10
50,200,0,0,-2,,,,,,,,,,,,,,,,0.9,151.2,28.8,,0.8,146.6,33.4,,0.8,-36.6,36.6,10
50,200,0,0,-2,,,,,,,,,,,,,,,,0.933,154,26,,0.833,148.9,31.1,,0.833,-37,37,10
50,200,0,0,-2,,,,,,,,,,,,,,,,0.967,157.4,22.6,,0.867,150.3,29.7,,0.867,-36.7,36.7,10
50,200,0,0,-2,,,,,,,,,,,,,,,,1,159.8,20.2,,0.9,151.2,28.8,,0.9,-36.2,36.2,10
50,200,0,0,-2,,,,,,,,,,,,,,,,1.033,161.7,18.3,,0.933,154,26,,0.933,-35.2,35.2,10
50,200,0,0,-2,,,,,,,,,,,,,,,,1.067,160.4,19.6,,0.967,157.4,22.6,,0.967,-34.1,34.1,10
50,200,0,0,-2,,,,,,,,,,,,,,,,1.1,166.1,13.9,,1,159.8,20.2,,1,-33,33,10
50,200,0,0,-2,,,,,,,,,,,,,,,,1.133,168.4,11.6,,1.033,161.7,18.3,,1.033,-31.1,31.1,10
50,200,0,0,-2,,,,,,,,,,,,,,,,1.167,170.9,9.1,,1.067,160.4,19.6,,1.067,-29.3,29.3,10
50,200,0,0,-1,,,,,,,,,,,,,,,,1.2,173.1,6.9,,1.1,166.1,13.9,,1.1,-27.3,27.3,10
50,200,0,0,-1,,,,,,,,,,,,,,,,1.233,176.1,3.9,,1.133,168.4,11.6,,1.133,-24.9,24.9,10
50,200,0,0,-2,,,,,,,,,,,,,,,,1.267,180,0,,1.167,170.9,9.1,,1.167,-22.4,22.4,10
50,200,0,0,-1,,,,,,,,,,,,,,,,1.3,183.8,-3.8,,1.2,173.1,6.9,,1.2,-19.4,19.4,10
50,200,0,0,-1,,,,,,,,,,,,,,,,1.333,188.5,-8.5,,1.233,176.1,3.9,,1.233,-16.4,16.4,10
50,200,0,0,-1,,,,,,,,,,,,,,,,1.367,192.3,-12.3,,1.267,180,0,,1.267,-12.6,12.6,10
50,200,0,0,-1,,,,,,,,,,,,,,,,1.4,189.1,-9.1,,1.3,183.8,-3.8,,1.3,-8.8,8.8,10
50,200,0,0,-2,,,,,,,,,,,,,,,,1.433,194.6,-14.6,,1.333,188.5,-8.5,,1.333,-4.9,4.9,10
50,200,0,0,-2,,,,,,,,,,,,,,,,1.467,198.5,-18.5,,1.367,192.3,-12.3,,1.367,-0.6,0.6,10
50,200,0,0,-1,,,,,,,,,,,,,,,,1.5,202.5,-22.5,,1.4,189.1,-9.1,,1.4,3.4,-3.4,10
50,200,0,0,-1,,,,,,,,,,,,,,,,1.533,205.5,-25.5,,1.433,194.6,-14.6,,1.433,7.4,-7.4,10
50,200,0,0,-1,,,,,,,,,,,,,,,,1.567,207.7,-27.7,,1.467,198.5,-18.5,,1.467,10.9,-10.9,10
50,200,0,0,-1,,,,,,,,,,,,,,,,1.6,208.4,-28.4,,1.5,202.5,-22.5,,1.5,14,-14,10
50,200,0,0,-2,,,,,,,,,,,,,,,,1.633,208.2,-28.2,,1.533,205.5,-25.5,,1.533,16.5,-16.5,10
50,200,0,0,-2,,,,,,,,,,,,,,,,1.667,208.1,-28.1,,1.567,207.7,-27.7,,1.567,18.3,-18.3,10
50,200,0,0,-2,,,,,,,,,,,,,,,,1.7,207.6,-27.6,,1.6,208.4,-28.4,,1.6,19.1,-19.1,10
50,200,0,0,-2,,,,,,,,,,,,,,,,1.733,207,-27,,1.633,208.2,-28.2,,1.633,19.2,-19.2,10
50,200,0,0,-2,,,,,,,,,,,,,,,,1.767,206.9,-26.9,,1.667,208.1,-28.1,,1.667,19.2,-19.2,10
50,200,0,0,-2,,,,,,,,,,,,,,,,1.8,206.6,-26.6,,1.7,207.6,-27.6,,1.7,19.2,-19.2,10
50,200,0,0,-2,,,,,,,,,,,,,,,,1.833,206.6,-26.6,,1.733,207,-27,,1.733,19.2,-19.2,10
50,200,0,0,-1,,,,,,,,,,,,,,,,1.867,206.6,-26.6,,1.767,206.9,-26.9,,1.767,19.3,-19.3,10
50,200,0,0,-1,,,,,,,,,,,,,,,,1.9,206.3,-26.3,,1.8,206.6,-26.6,,1.8,19.3,-19.3,10
50,200,0,0,-1,,,,,,,,,,,,,,,,1.933,206.6,-26.6,,1.833,206.6,-26.6,,1.833,19.3,-19.3,10
50,200,0,0,-1,,,,,,,,,,,,,,,,1.967,206.3,-26.3,,1.867,206.6,-26.6,,1.867,19.2,-19.2,10
50,200,0,0,-1,,,,,,,,,,,,,,,,2,206.3,-26.3,,1.9,206.3,-26.3,,1.9,19.2,-19.2,10
50,200,0,0,-1,,,,,,,,,,,,,,,,2.033,206.3,-26.3,,1.933,206.6,-26.6,,1.933,19.1,-19.1,10
50,200,0,0,-1,,,,,,,,,,,,,,,,2.067,206.4,-26.4,,1.967,206.3,-26.3,,1.967,19.1,-19.1,10
50,200,0,0,-1,,,,,,,,,,,,,,,,2.1,206.4,-26.4,,2,206.3,-26.3,,2,19.1,-19.1,10
50,200,0,0,-1,,,,,,,,,,,,,,,,2.133,206.4,-26.4,,2.033,206.3,-26.3,,2.033,19,-19,10
50,200,0,0,-2,,,,,,,,,,,,,,,,2.167,206.4,-26.4,,2.067,206.4,-26.4,,2.067,18.9,-18.9,10
50,200,0,0,-1,,,,,,,,,,,,,,,,2.2,206.5,-26.5,,2.1,206.4,-26.4,,2.1,18.9,-18.9,10
50,200,0,0,-1,,,,,,,,,,,,,,,,2.233,206,-26,,2.133,206.4,-26.4,,2.133,18.8,-18.8,10
50,200,0,0,-1,,,,,,,,,,,,,,,,2.267,205.7,-25.7,,2.167,206.4,-26.4,,2.167,18.7,-18.7,10
50,200,0,0,-1,,,,,,,,,,,,,,,,2.3,205.3,-25.3,,2.2,206.5,-26.5,,2.2,18.5,-18.5,10
50,200,0,0,-1,,,,,,,,,,,,,,,,2.333,204.9,-24.9,,2.233,206,-26,,2.233,18.3,-18.3,10
50,200,0,0,-2,,,,,,,,,,,,,,,,2.367,204.3,-24.3,,2.267,205.7,-25.7,,2.267,18,-18,10
50,200,0,0,-2,,,,,,,,,,,,,,,,2.4,203.2,-23.2,,2.3,205.3,-25.3,,2.3,17.6,-17.6,10
50,200,0,0,-1,,,,,,,,,,,,,,,,2.433,202,-22,,2.333,204.9,-24.9,,2.333,17.1,-17.1,10
50,200,0,0,-1,,,,,,,,,,,,,,,,2.467,200.4,-20.4,,2.367,204.3,-24.3,,2.367,16.6,-16.6,10
50,200,0,0,-1,,,,,,,,,,,,,,,,2.5,198.6,-18.6,,2.4,203.2,-23.2,,2.4,15.8,-15.8,10
50,200,0,0,-1,,,,,,,,,,,,,,,,2.533,197,-17,,2.433,202,-22,,2.433,14.7,-14.7,10
50,200,0,0,-1,,,,,,,,,,,,,,,,2.567,194,-14,,2.467,200.4,-20.4,,2.467,13.3,-13.3,10
50,200,0,0,-1,,,,,,,,,,,,,,,,2.6,191.5,-11.5,,2.5,198.6,-18.6,,2.5,11.7,-11.7,10
50,200,0,0,-1,,,,,,,,,,,,,,,,2.633,188.1,-8.1,,2.533,197,-17,,2.533,9.8,-9.8,10
50,200,0,0,-1,,,,,,,,,,,,,,,,2.667,183.7,-3.7,,2.567,194,-14,,2.567,7.3,-7.3,10
50,200,0,0,-3,,,,,,,,,,,,,,,,2.7,179.3,0.7,,2.6,191.5,-11.5,,2.6,4.3,-4.3,10
50,200,0,0,-2,,,,,,,,,,,,,,,,2.733,174.6,5.4,,2.633,188.1,-8.1,,2.633,1.1,-1.1,10
50,200,0,0,-2,,,,,,,,,,,,,,,,2.767,171,9,,2.667,183.7,-3.7,,2.667,-2.9,2.9,10
50,200,0,0,-1,,,,,,,,,,,,,,,,2.8,167.6,12.4,,2.7,179.3,0.7,,2.7,-7.1,7.1,10
50,200,0,0,-1,,,,,,,,,,,,,,,,2.833,164.9,15.1,,2.733,174.6,5.4,,2.733,-11.1,11.1,10
50,200,0,0,-2,,,,,,,,,,,,,,,,2.867,162.8,17.2,,2.767,171,9,,2.767,-14.6,14.6,10
50,200,0,0,-2,,,,,,,,,,,,,,,,2.9,162.2,17.8,,2.8,167.6,12.4,,2.8,-17.8,17.8,10
50,200,0,0,-1,,,,,,,,,,,,,,,,2.933,162.4,17.6,,2.833,164.9,15.1,,2.833,-20.1,20.1,10
50,200,0,0,-1,,,,,,,,,,,,,,,,2.967,167.9,12.1,,2.867,162.8,17.2,,2.867,-21.6,21.6,10
50,200,0,0,-2,,,,,,,,,,,,,,,,3,168.4,11.6,,2.9,162.2,17.8,,2.9,-22.1,22.1,10
50,200,0,0,-2,,,,,,,,,,,,,,,,3.033,171,9,,2.933,162.4,17.6,,2.933,-22,22,10
50,200,0,0,-2,,,,,,,,,,,,,,,,3.067,171,9,,2.967,167.9,12.1,,2.967,-21.9,21.9,10
50,200,0,0,-2,,,,,,,,,,,,,,,,3.1,171,9,,3,168.4,11.6,,3,-21.5,21.5,10
50,200,0,0,-2,,,,,,,,,,,,,,,,3.133,171,9,,3.033,171,9,,3.033,-21.9,21.9,10
50,200,0,0,-1,,,,,,,,,,,,,,,,3.167,171.3,8.7,,3.067,171,9,,3.067,-21.9,21.9,10
50,200,0,0,-2,,,,,,,,,,,,,,,,3.2,171.3,8.7,,3.1,171,9,,3.1,-21.9,21.9,10
50,200,0,0,-1,,,,,,,,,,,,,,,,3.233,171.3,8.7,,3.133,171,9,,3.133,-21.9,21.9,10
50,200,0,0,-2,,,,,,,,,,,,,,,,3.267,170.9,9.1,,3.167,171.3,8.7,,3.167,-21.9,21.9,10
50,200,0,0,-2,,,,,,,,,,,,,,,,3.3,170.9,9.1,,3.2,171.3,8.7,,3.2,-21.9,21.9,10
50,200,0,0,-2,,,,,,,,,,,,,,,,3.333,171,9,,3.233,171.3,8.7,,3.233,-21.9,21.9,10
50,200,0,0,-2,,,,,,,,,,,,,,,,3.367,171.1,8.9,,3.267,170.9,9.1,,3.267,-21.9,21.9,10
50,200,0,0,-2,,,,,,,,,,,,,,,,3.4,171.3,8.7,,3.3,170.9,9.1,,3.3,-21.9,21.9,10
50,200,0,0,-2,,,,,,,,,,,,,,,,3.433,171.4,8.6,,3.333,171,9,,3.333,-21.9,21.9,10
50,200,10,0,-2,,,,,,,,,,,,,,,,3.467,171.5,8.5,,3.367,171.1,8.9,,3.367,-21.9,21.9,10
50,200,10,0,-2,,,,,,,,,,,,,,,,3.5,171.4,8.6,,3.4,171.3,8.7,,3.4,-21.9,21.9,10
50,200,10,0,5,,,,,,,,,,,,,,,,3.533,171.4,8.6,,3.433,171.4,8.6,,3.433,-21.9,21.9,10
50,200,10,0,26,,,,,,,,,,,,,,,,3.567,171.3,8.7,,3.467,171.5,8.5,,3.467,-21.9,21.9,10
50,200,10,0,39,,,,,,,,,,,,,,,,3.6,171.6,8.4,,3.5,171.4,8.6,,3.5,-21.9,21.9,10
50,200,10,0,42,,,,,,,,,,,,,,,,3.633,171.6,8.4,,3.533,171.4,8.6,,3.533,-21.8,21.8,10
50,200,10,0,44,,,,,,,,,,,,,,,,3.667,171.6,8.4,,3.567,171.3,8.7,,3.567,-21.8,21.8,10
50,200,10,0,33,,,,,,,,,,,,,,,,3.7,171.4,8.6,,3.6,171.6,8.4,,3.6,-21.8,21.8,10
50,200,10,0,6,,,,,,,,,,,,,,,,3.733,171.3,8.7,,3.633,171.6,8.4,,3.633,-21.8,21.8,10
50,200,10,0,-6,,,,,,,,,,,,,,,,3.767,171.3,8.7,,3.667,171.6,8.4,,3.667,-21.8,21.8,10
50,200,10,0,-11,,,,,,,,,,,,,,,,3.8,171.5,8.5,,3.7,171.4,8.6,,3.7,-21.8,21.8,10
50,200,10,0,-14,,,,,,,,,,,,,,,,3.833,171.7,8.3,,3.733,171.3,8.7,,3.733,-21.7,21.7,20
50,200,10,0,-6,,,,,,,,,,,,,,,,3.867,171.7,8.3,,3.767,171.3,8.7,,3.767,-21.7,21.7,20
50,200,10,0,13,,,,,,,,,,,,,,,,3.9,171.6,8.4,,3.8,171.5,8.5,,3.8,-21.7,21.7,20
50,200,10,0,19,,,,,,,,,,,,,,,,3.933,171.6,8.4,,3.833,171.7,8.3,,3.833,-21.7,21.7,20
50,200,10,0,21,,,,,,,,,,,,,,,,3.967,171.7,8.3,,3.867,171.7,8.3,,3.867,-21.7,21.7,20
50,200,10,0,22,,,,,,,,,,,,,,,,4,171.7,8.3,,3.9,171.6,8.4,,3.9,-21.7,21.7,20
50,200,10,0,22,,,,,,,,,,,,,,,,4.033,171.7,8.3,,3.933,171.6,8.4,,3.933,-21.7,21.7,20
50,200,10,0,22,,,,,,,,,,,,,,,,4.067,171.9,8.1,,3.967,171.7,8.3,,3.967,-21.6,21.6,20
50,200,20,0,22,,,,,,,,,,,,,,,,4.1,171.9,8.1,,4,171.7,8.3,,4,-21.6,21.6,20
50,200,20,0,22,,,,,,,,,,,,,,,,4.133,171.8,8.2,,4.033,171.7,8.3,,4.033,-21.6,21.6,20
50,200,20,0,22,,,,,,,,,,,,,,,,4.167,171.9,8.1,,4.067,171.9,8.1,,4.067,-21.6,21.6,20
50,200,20,0,22,,,,,,,,,,,,,,,,4.2,171.9,8.1,,4.1,171.9,8.1,,4.1,-21.6,21.6,20
50,200,20,0,23,,,,,,,,,,,,,,,,4.233,171.8,8.2,,4.133,171.8,8.2,,4.133,-21.6,21.6,20
50,200,20,0,22,,,,,,,,,,,,,,,,4.267,171.8,8.2,,4.167,171.9,8.1,,4.167,-21.6,21.6,20
50,200,20,0,22,,,,,,,,,,,,,,,,4.3,171.8,8.2,,4.2,171.9,8.1,,4.2,-21.6,21.6,20
50,200,20,0,22,,,,,,,,,,,,,,,,4.333,171.8,8.2,,4.233,171.8,8.2,,4.233,-21.5,21.5,20
50,200,20,0,23,,,,,,,,,,,,,,,,4.367,171.9,8.1,,4.267,171.8,8.2,,4.267,-21.5,21.5,20
50,200,20,0,22,,,,,,,,,,,,,,,,4.4,172.3,7.7,,4.3,171.8,8.2,,4.3,-21.3,21.3,20
50,200,20,0,22,,,,,,,,,,,,,,,,4.433,172.4,7.6,,4.333,171.8,8.2,,4.333,-21.3,21.3,20
50,200,20,0,22,,,,,,,,,,,,,,,,4.467,172.4,7.6,,4.367,171.9,8.1,,4.367,-21.2,21.2,20
50,200,20,0,22,,,,,,,,,,,,,,,,4.5,172.3,7.7,,4.4,172.3,7.7,,4.4,-21.2,21.2,20
50,200,20,0,22,,,,,,,,,,,,,,,,4.533,172.3,7.7,,4.433,172.4,7.6,,4.433,-21.2,21.2,20
50,200,20,0,22,,,,,,,,,,,,,,,,4.567,172.2,7.8,,4.467,172.4,7.6,,4.467,-21.2,21.2,20
50,200,20,0,23,,,,,,,,,,,,,,,,4.6,172.2,7.8,,4.5,172.3,7.7,,4.5,-21.2,21.2,20
50,200,20,0,22,,,,,,,,,,,,,,,,4.633,172.3,7.7,,4.533,172.3,7.7,,4.533,-21.1,21.1,20
50,200,20,0,23,,,,,,,,,,,,,,,,4.667,172.3,7.7,,4.567,172.2,7.8,,4.567,-21.1,21.1,20
50,200,20,0,23,,,,,,,,,,,,,,,,4.7,172.2,7.8,,4.6,172.2,7.8,,4.6,-21.1,21.1,20
50,200,30,0,24,,,,,,,,,,,,,,,,4.733,172.2,7.8,,4.633,172.3,7.7,,4.633,-21.1,21.1,20
50,200,30,0,22,,,,,,,,,,,,,,,,4.767,172.2,7.8,,4.667,172.3,7.7,,4.667,-21.2,21.2,20
50,200,30,0,22,,,,,,,,,,,,,,,,4.8,172.2,7.8,,4.7,172.2,7.8,,4.7,-21.1,21.1,20
50,200,30,0,21,,,,,,,,,,,,,,,,4.833,172.2,7.8,,4.733,172.2,7.8,,4.733,-21.1,21.1,20
50,200,30,0,23,,,,,,,,,,,,,,,,4.867,172.1,7.9,,4.767,172.2,7.8,,4.767,-21.1,21.1,20
50,200,30,0,24,,,,,,,,,,,,,,,,4.9,172.3,7.7,,4.8,172.2,7.8,,4.8,-21.1,21.1,20
50,200,30,0,23,,,,,,,,,,,,,,,,4.933,172.2,7.8,,4.833,172.2,7.8,,4.833,-21.1,21.1,20
50,200,30,0,23,,,,,,,,,,,,,,,,4.967,172.2,7.8,,4.867,172.1,7.9,,4.867,-21.1,21.1,20
50,200,30,0,23,,,,,,,,,,,,,,,,5,172.1,7.9,,4.9,172.3,7.7,,4.9,-21.1,21.1,20
50,200,30,0,23,,,,,,,,,,,,,,,,5.033,172,8,,4.933,172.2,7.8,,4.933,-21.1,21.1,20
50,200,30,0,23,,,,,,,,,,,,,,,,5.067,172.1,7.9,,4.967,172.2,7.8,,4.967,-21.1,21.1,20
50,200,30,0,23,,,,,,,,,,,,,,,,5.1,172.1,7.9,,5,172.1,7.9,,5,-21.1,21.1,20
50,200,30,0,22,,,,,,,,,,,,,,,,5.133,172.1,7.9,,5.033,172,8,,5.033,-21.1,21.1,20
50,200,30,0,23,,,,,,,,,,,,,,,,5.167,172.2,7.8,,5.067,172.1,7.9,,5.067,-21,21,20
50,200,30,0,23,,,,,,,,,,,,,,,,5.2,172.2,7.8,,5.1,172.1,7.9,,5.1,-21,21,20
50,200,30,0,23,,,,,,,,,,,,,,,,5.233,172.2,7.8,,5.133,172.1,7.9,,5.133,-21,21,20
50,200,30,0,24,,,,,,,,,,,,,,,,5.267,172.2,7.8,,5.167,172.2,7.8,,5.167,-21.1,21.1,20
50,200,30,0,24,,,,,,,,,,,,,,,,5.3,172.3,7.7,,5.2,172.2,7.8,,5.2,-21.1,21.1,20
50,200,30,0,23,,,,,,,,,,,,,,,,5.333,172.3,7.7,,5.233,172.2,7.8,,5.233,-21,21,20
50,200,0,0,23,,,,,,,,,,,,,,,,5.367,172.3,7.7,,5.267,172.2,7.8,,5.267,-21,21,20
50,200,0,0,23,,,,,,,,,,,,,,,,5.4,172.3,7.7,,5.3,172.3,7.7,,5.3,-21.1,21.1,20
50,200,0,0,23,,,,,,,,,,,,,,,,5.433,172.2,7.8,,5.333,172.3,7.7,,5.333,-21,21,20
50,200,0,0,21,,,,,,,,,,,,,,,,5.467,172.2,7.8,,5.367,172.3,7.7,,5.367,-21,21,20
50,200,0,0,22,,,,,,,,,,,,,,,,5.5,172.2,7.8,,5.4,172.3,7.7,,5.4,-21,21,20
50,200,0,0,18,,,,,,,,,,,,,,,,5.533,172.2,7.8,,5.433,172.2,7.8,,5.433,-21,21,20
50,200,0,0,-44,,,,,,,,,,,,,,,,5.567,172.2,7.8,,5.467,172.2,7.8,,5.467,-21,21,20
50,200,0,0,-91,,,,,,,,,,,,,,,,5.6,172.2,7.8,,5.5,172.2,7.8,,5.5,-21,21,20
50,200,0,0,-98,,,,,,,,,,,,,,,,5.633,172.3,7.7,,5.533,172.2,7.8,,5.533,-21,21,20
50,200,0,0,63,,,,,,,,,,,,,,,,5.667,172.3,7.7,,5.567,172.2,7.8,,5.567,-21,21,20
50,200,0,0,36,,,,,,,,,,,,,,,,5.7,172.3,7.7,,5.6,172.2,7.8,,5.6,-21,21,20
50,200,0,0,-59,,,,,,,,,,,,,,,,5.733,172.3,7.7,,5.633,172.3,7.7,,5.633,-21,21,20
50,200,0,0,-95,,,,,,,,,,,,,,,,5.767,172.3,7.7,,5.667,172.3,7.7,,5.667,-21,21,20
50,200,0,0,17,,,,,,,,,,,,,,,,5.8,172.4,7.6,,5.7,172.3,7.7,,5.7,-21,21,20
50,200,0,0,106,,,,,,,,,,,,,,,,5.833,172.4,7.6,,5.733,172.3,7.7,,5.733,-21,21,20
50,200,0,0,-32,,,,,,,,,,,,,,,,5.867,172.4,7.6,,5.767,172.3,7.7,,5.767,-21,21,20
50,200,0,0,-284,,,,,,,,,,,,,,,,5.9,172.3,7.7,,5.8,172.4,7.6,,5.8,-21,21,20
50,200,0,0,-394,,,,,,,,,,,,,,,,5.933,172.3,7.7,,5.833,172.4,7.6,,5.833,-21,21,20
50,200,0,0,-441,,,,,,,,,,,,,,,,5.967,172.3,7.7,,5.867,172.4,7.6,,5.867,-21,21,20
50,200,0,0,-459,,,,,,,,,,,,,,,,6,172.3,7.7,,5.9,172.3,7.7,,5.9,-20.9,20.9,20
50,200,0,0,-466,,,,,,,,,,,,,,,,6.033,172.3,7.7,,5.933,172.3,7.7,,5.933,-20.9,20.9,20
50,200,0,0,-469,,,,,,,,,,,,,,,,6.067,172.3,7.7,,5.967,172.3,7.7,,5.967,-20.9,20.9,20
50,200,0,0,-471,,,,,,,,,,,,,,,,6.1,172.2,7.8,,6,172.3,7.7,,6,-20.9,20.9,20
50,200,0,0,-472,,,,,,,,,,,,,,,,6.133,172.2,7.8,,6.033,172.3,7.7,,6.033,-20.9,20.9,20
50,200,0,0,-472,,,,,,,,,,,,,,,,6.167,172.3,7.7,,6.067,172.3,7.7,,6.067,-20.9,20.9,20
50,200,0,0,-473,,,,,,,,,,,,,,,,6.2,172.3,7.7,,6.1,172.2,7.8,,6.1,-20.9,20.9,20
50,200,0,0,-473,,,,,,,,,,,,,,,,6.233,172.3,7.7,,6.133,172.2,7.8,,6.133,-20.9,20.9,20
50,200,0,0,-473,,,,,,,,,,,,,,,,6.267,172.3,7.7,,6.167,172.3,7.7,,6.167,-20.9,20.9,20
50,200,0,0,-474,,,,,,,,,,,,,,,,6.3,172.3,7.7,,6.2,172.3,7.7,,6.2,-20.9,20.9,20
50,200,0,0,-474,,,,,,,,,,,,,,,,6.333,172.3,7.7,,6.233,172.3,7.7,,6.233,-20.9,20.9,20
50,200,0,0,-473,,,,,,,,,,,,,,,,6.367,172.2,7.8,,6.267,172.3,7.7,,6.267,-20.9,20.9,20
50,200,0,0,-474,,,,,,,,,,,,,,,,6.4,172.2,7.8,,6.3,172.3,7.7,,6.3,-20.9,20.9,20
50,200,0,0,-474,,,,,,,,,,,,,,,,6.433,172.2,7.8,,6.333,172.3,7.7,,6.333,-20.9,20.9,20
50,200,0,0,-474,,,,,,,,,,,,,,,,6.467,172.2,7.8,,6.367,172.2,7.8,,6.367,-20.9,20.9,20
50,200,0,0,-474,,,,,,,,,,,,,,,,6.5,172.4,7.6,,6.4,172.2,7.8,,6.4,-20.8,20.8,20
50,200,0,0,-474,,,,,,,,,,,,,,,,6.533,172.4,7.6,,6.433,172.2,7.8,,6.433,-20.8,20.8,20
50,200,0,0,-473,,,,,,,,,,,,,,,,6.567,172.4,7.6,,6.467,172.2,7.8,,6.467,-20.8,20.8,20
50,200,0,0,-474,,,,,,,,,,,,,,,,6.6,172.4,7.6,,6.5,172.4,7.6,,6.5,-20.8,20.8,20
50,200,0,0,-474,,,,,,,,,,,,,,,,6.633,172.4,7.6,,6.533,172.4,7.6,,6.533,-20.8,20.8,20
50,200,0,0,-475,,,,,,,,,,,,,,,,6.667,172.4,7.6,,6.567,172.4,7.6,,6.567,-20.8,20.8,20
50,200,0,0,-474,,,,,,,,,,,,,,,,6.7,172.3,7.7,,6.6,172.4,7.6,,6.6,-20.8,20.8,20
50,200,0,0,-474,,,,,,,,,,,,,,,,6.733,172.7,7.3,,6.633,172.4,7.6,,6.633,-20.8,20.8,20
50,200,0,0,-474,,,,,,,,,,,,,,,,6.767,172.8,7.2,,6.667,172.4,7.6,,6.667,-20.7,20.7,20
50,200,0,0,-474,,,,,,,,,,,,,,,,6.8,172.8,7.2,,6.7,172.3,7.7,,6.7,-20.6,20.6,20
50,200,0,0,-474,,,,,,,,,,,,,,,,6.833,172.8,7.2,,6.733,172.7,7.3,,6.733,-20.6,20.6,20
50,200,0,0,-475,,,,,,,,,,,,,,,,6.867,172.8,7.2,,6.767,172.8,7.2,,6.767,-20.6,20.6,20
50,200,0,0,-474,,,,,,,,,,,,,,,,6.9,173,7,,6.8,172.8,7.2,,6.8,-20.5,20.5,20
50,200,0,0,-474,,,,,,,,,,,,,,,,6.933,172.9,7.1,,6.833,172.8,7.2,,6.833,-20.5,20.5,20
50,200,0,0,-475,,,,,,,,,,,,,,,,6.967,172.9,7.1,,6.867,172.8,7.2,,6.867,-20.5,20.5,20
50,200,0,0,-475,,,,,,,,,,,,,,,,7,172.9,7.1,,6.9,173,7,,6.9,-20.4,20.4,20
50,200,0,0,-475,,,,,,,,,,,,,,,,7.033,172.9,7.1,,6.933,172.9,7.1,,6.933,-20.4,20.4,20
50,200,0,0,-475,,,,,,,,,,,,,,,,7.067,172.9,7.1,,6.967,172.9,7.1,,6.967,-20.4,20.4,20
50,200,0,0,-475,,,,,,,,,,,,,,,,7.1,172.9,7.1,,7,172.9,7.1,,7,-20.4,20.4,20
50,200,0,0,-475,,,,,,,,,,,,,,,,7.133,172.9,7.1,,7.033,172.9,7.1,,7.033,-20.4,20.4,20
50,200,0,0,-475,,,,,,,,,,,,,,,,7.167,173.3,6.7,,7.067,172.9,7.1,,7.067,-20.3,20.3,20
50,200,0,0,-475,,,,,,,,,,,,,,,,7.2,173.4,6.6,,7.1,172.9,7.1,,7.1,-20.3,20.3,20
50,200,0,0,-475,,,,,,,,,,,,,,,,7.233,173.5,6.5,,7.133,172.9,7.1,,7.133,-20.3,20.3,20
50,200,0,0,-475,,,,,,,,,,,,,,,,7.267,173.4,6.6,,7.167,173.3,6.7,,7.167,-20.3,20.3,20
50,200,0,0,-475,,,,,,,,,,,,,,,,7.3,173.5,6.5,,7.2,173.4,6.6,,7.2,-20.3,20.3,20
50,200,0,0,-475,,,,,,,,,,,,,,,,7.333,173.5,6.5,,7.233,173.5,6.5,,7.233,-20.2,20.2,20
50,200,0,0,-475,,,,,,,,,,,,,,,,7.367,173.6,6.4,,7.267,173.4,6.6,,7.267,-20.2,20.2,20
50,200,0,0,-475,,,,,,,,,,,,,,,,7.4,173.5,6.5,,7.3,173.5,6.5,,7.3,-20.2,20.2,20
50,200,0,0,-475,,,,,,,,,,,,,,,,7.433,173.5,6.5,,7.333,173.5,6.5,,7.333,-20.1,20.1,20
50,200,0,0,-476,,,,,,,,,,,,,,,,7.467,173.5,6.5,,7.367,173.6,6.4,,7.367,-20.1,20.1,20
50,200,0,0,-476,,,,,,,,,,,,,,,,7.5,173.5,6.5,,7.4,173.5,6.5,,7.4,-20.1,20.1,20
50,200,0,0,-476,,,,,,,,,,,,,,,,7.533,173.5,6.5,,7.433,173.5,6.5,,7.433,-20.1,20.1,20
50,200,0,0,-476,,,,,,,,,,,,,,,,7.567,173.6,6.4,,7.467,173.5,6.5,,7.467,-20.1,20.1,20
50,200,0,0,-476,,,,,,,,,,,,,,,,7.6,173.7,6.3,,7.5,173.5,6.5,,7.5,-20,20,20
50,200,0,0,-475,,,,,,,,,,,,,,,,7.633,173.7,6.3,,7.533,173.5,6.5,,7.533,-20.1,20.1,20
50,200,0,0,-475,,,,,,,,,,,,,,,,7.667,173.7,6.3,,7.567,173.6,6.4,,7.567,-20,20,20
,,,,,,,,,,,,,,,,,,,,7.7,173.9,6.1,,7.6,173.7,6.3,,7.6,-20,20,20
,,,,,,,,,,,,,,,,,,,,7.733,174,6,,7.633,173.7,6.3,,7.633,-19.9,19.9,20
,,,,,,,,,,,,,,,,,,,,7.767,174.1,5.9,,7.667,173.7,6.3,,7.667,-19.9,19.9,20
,,,,,,,,,,,,,,,,,,,,7.8,174.1,5.9,,7.7,173.9,6.1,,7.7,-19.8,19.8,20
,,,,,,,,,,,,,,,,,,,,7.833,174.2,5.8,,7.733,174,6,,7.733,-19.8,19.8,20
,,,,,,,,,,,,,,,,,,,,7.867,174.2,5.8,,7.767,174.1,5.9,,7.767,-19.8,19.8,20
,,,,,,,,,,,,,,,,,,,,7.9,174.1,5.9,,7.8,174.1,5.9,,7.8,-19.8,19.8,20
,,,,,,,,,,,,,,,,,,,,7.933,174.1,5.9,,7.833,174.2,5.8,,7.833,-19.7,19.7,20
,,,,,,,,,,,,,,,,,,,,7.967,174.2,5.8,,7.867,174.2,5.8,,7.867,-19.6,19.6,20
,,,,,,,,,,,,,,,,,,,,8,174.2,5.8,,7.9,174.1,5.9,,7.9,-19.6,19.6,20
,,,,,,,,,,,,,,,,,,,,8.033,174.3,5.7,,7.933,174.1,5.9,,7.933,-19.5,19.5,20
,,,,,,,,,,,,,,,,,,,,8.067,174.3,5.7,,7.967,174.2,5.8,,7.967,-19.5,19.5,20
,,,,,,,,,,,,,,,,,,,,8.1,174.4,5.6,,8,174.2,5.8,,8,-19.5,19.5,20
,,,,,,,,,,,,,,,,,,,,8.133,174.5,5.5,,8.033,174.3,5.7,,8.033,-19.5,19.5,20
,,,,,,,,,,,,,,,,,,,,8.167,174.6,5.4,,8.067,174.3,5.7,,8.067,-19.4,19.4,20
,,,,,,,,,,,,,,,,,,,,8.2,174.8,5.2,,8.1,174.4,5.6,,8.1,-19.4,19.4,20
,,,,,,,,,,,,,,,,,,,,8.233,174.7,5.3,,8.133,174.5,5.5,,8.133,-19.3,19.3,20
,,,,,,,,,,,,,,,,,,,,8.267,174.9,5.1,,8.167,174.6,5.4,,8.167,-19.3,19.3,20
,,,,,,,,,,,,,,,,,,,,8.3,174.9,5.1,,8.2,174.8,5.2,,8.2,-19.2,19.2,20
,,,,,,,,,,,,,,,,,,,,8.333,174.9,5.1,,8.233,174.7,5.3,,8.233,-19.2,19.2,20
,,,,,,,,,,,,,,,,,,,,8.367,174.9,5.1,,8.267,174.9,5.1,,8.267,-19.1,19.1,20
,,,,,,,,,,,,,,,,,,,,8.4,174.9,5.1,,8.3,174.9,5.1,,8.3,-19.1,19.1,20
,,,,,,,,,,,,,,,,,,,,8.433,174.9,5.1,,8.333,174.9,5.1,,8.333,-18.9,18.9,20
,,,,,,,,,,,,,,,,,,,,8.467,174.9,5.1,,8.367,174.9,5.1,,8.367,-18.9,18.9,20
,,,,,,,,,,,,,,,,,,,,8.5,175,5,,8.4,174.9,5.1,,8.4,-18.9,18.9,20
,,,,,,,,,,,,,,,,,,,,8.533,175,5,,8.433,174.9,5.1,,8.433,-18.8,18.8,20
,,,,,,,,,,,,,,,,,,,,,,,,8.467,174.9,5.1,,8.467,-18.8,18.8,20
,,,,,,,,,,,,,,,,,,,,,,,,8.5,175,5,,8.5,-18.7,18.7,20
,,,,,,,,,,,,,,,,,,,,,,,,8.533,175.2,4.8,,8.533,-18.6,18.6,20
,,,,,,,,,,,,,,,,,,,,,,,,8.567,175.4,4.6,,8.567,-18.5,18.5,20
,,,,,,,,,,,,,,,,,,,,,,,,8.6,175.4,4.6,,8.6,-18.5,18.5,20
,,,,,,,,,,,,,,,,,,,,,,,,8.633,175.7,4.3,,8.633,-18.3,18.3,20
,,,,,,,,,,,,,,,,,,,,,,,,8.667,175.8,4.2,,8.667,-18.2,18.2,20
,,,,,,,,,,,,,,,,,,,,,,,,8.7,175.9,4.1,,8.7,-18.1,18.1,20
,,,,,,,,,,,,,,,,,,,,,,,,8.733,176,4,,8.733,-17.9,17.9,30
,,,,,,,,,,,,,,,,,,,,,,,,8.767,176.4,3.6,,8.767,-17.8,17.8,30
,,,,,,,,,,,,,,,,,,,,,,,,8.8,176.5,3.5,,8.8,-17.7,17.7,30
,,,,,,,,,,,,,,,,,,,,,,,,8.833,176.7,3.3,,8.833,-17.6,17.6,30
,,,,,,,,,,,,,,,,,,,,,,,,8.867,176.6,3.4,,8.867,-17.6,17.6,30
,,,,,,,,,,,,,,,,,,,,,,,,8.9,176.7,3.3,,8.9,-17.5,17.5,30
,,,,,,,,,,,,,,,,,,,,,,,,8.933,176.7,3.3,,8.933,-17.5,17.5,30
,,,,,,,,,,,,,,,,,,,,,,,,8.967,176.7,3.3,,8.967,-17.4,17.4,30
,,,,,,,,,,,,,,,,,,,,,,,,9,176.7,3.3,,9,-17.4,17.4,30
,,,,,,,,,,,,,,,,,,,,,,,,9.033,177.1,2.9,,9.033,-17.3,17.3,30
,,,,,,,,,,,,,,,,,,,,,,,,9.067,177.2,2.8,,9.067,-17.2,17.2,30
,,,,,,,,,,,,,,,,,,,,,,,,9.1,177.3,2.7,,9.1,-17.1,17.1,30
,,,,,,,,,,,,,,,,,,,,,,,,9.133,177.8,2.2,,9.133,-16.7,16.7,30
,,,,,,,,,,,,,,,,,,,,,,,,9.167,178.2,1.8,,9.167,-16.4,16.4,30
,,,,,,,,,,,,,,,,,,,,,,,,9.2,178.5,1.5,,9.2,-16,16,30
,,,,,,,,,,,,,,,,,,,,,,,,9.233,178.9,1.1,,9.233,-15.7,15.7,30
,,,,,,,,,,,,,,,,,,,,,,,,9.267,179.4,0.6,,9.267,-15.2,15.2,30
,,,,,,,,,,,,,,,,,,,,,,,,9.3,180.1,-0.1,,9.3,-14.6,14.6,30
,,,,,,,,,,,,,,,,,,,,,,,,9.333,181,-1,,9.333,-14,14,30
,,,,,,,,,,,,,,,,,,,,,,,,9.367,181.9,-1.9,,9.367,-13.4,13.4,30
,,,,,,,,,,,,,,,,,,,,,,,,9.4,182.5,-2.5,,9.4,-12.8,12.8,30
,,,,,,,,,,,,,,,,,,,,,,,,9.433,182.9,-2.9,,9.433,-12.2,12.2,30
,,,,,,,,,,,,,,,,,,,,,,,,9.467,183.6,-3.6,,9.467,-11.8,11.8,30
,,,,,,,,,,,,,,,,,,,,,,,,9.5,184.1,-4.1,,9.5,-11.5,11.5,30
,,,,,,,,,,,,,,,,,,,,,,,,9.533,184.3,-4.3,,9.533,-11.4,11.4,30
,,,,,,,,,,,,,,,,,,,,,,,,9.567,184.4,-4.4,,9.567,-11.4,11.4,30
,,,,,,,,,,,,,,,,,,,,,,,,9.6,184,-4,,9.6,-11.4,11.4,30
,,,,,,,,,,,,,,,,,,,,,,,,9.633,184.1,-4.1,,9.633,-11.3,11.3,30
,,,,,,,,,,,,,,,,,,,,,,,,9.667,184.2,-4.2,,9.667,-11.3,11.3,30
,,,,,,,,,,,,,,,,,,,,,,,,9.7,184.3,-4.3,,9.7,-11.3,11.3,30
,,,,,,,,,,,,,,,,,,,,,,,,9.733,184.2,-4.2,,9.733,-11.3,11.3,30
,,,,,,,,,,,,,,,,,,,,,,,,9.767,184.2,-4.2,,9.767,-11.3,11.3,30
,,,,,,,,,,,,,,,,,,,,,,,,9.8,184.4,-4.4,,9.8,-11.3,11.3,30
,,,,,,,,,,,,,,,,,,,,,,,,9.833,184.3,-4.3,,9.833,-11.3,11.3,30
,,,,,,,,,,,,,,,,,,,,,,,,9.867,184.3,-4.3,,9.867,-11.3,11.3,30
,,,,,,,,,,,,,,,,,,,,,,,,9.9,184.4,-4.4,,9.9,-11.3,11.3,30
,,,,,,,,,,,,,,,,,,,,,,,,9.933,184.2,-4.2,,9.933,-11.3,11.3,30
,,,,,,,,,,,,,,,,,,,,,,,,9.967,184.3,-4.3,,9.967,-11.3,11.3,30
,,,,,,,,,,,,,,,,,,,,,,,,10,184.3,-4.3,,10,-11.3,11.3,30
,,,,,,,,,,,,,,,,,,,,,,,,10.033,184.2,-4.2,,10.033,-11.3,11.3,30
,,,,,,,,,,,,,,,,,,,,,,,,10.067,184.3,-4.3,,10.067,-11.2,11.2,30
,,,,,,,,,,,,,,,,,,,,,,,,10.1,184.2,-4.2,,10.1,-11.3,11.3,30
,,,,,,,,,,,,,,,,,,,,,,,,10.133,184.3,-4.3,,10.133,-11.3,11.3,30
,,,,,,,,,,,,,,,,,,,,,,,,10.167,184.4,-4.4,,10.167,-11.3,11.3,30
,,,,,,,,,,,,,,,,,,,,,,,,10.2,184.3,-4.3,,10.2,-11.3,11.3,30
,,,,,,,,,,,,,,,,,,,,,,,,10.233,184.2,-4.2,,10.233,-11.3,11.3,30
,,,,,,,,,,,,,,,,,,,,,,,,10.267,184.3,-4.3,,10.267,-11.3,11.3,30
,,,,,,,,,,,,,,,,,,,,,,,,10.3,184.4,-4.4,,10.3,-11.3,11.3,30
,,,,,,,,,,,,,,,,,,,,,,,,10.333,184.4,-4.4,,10.333,-11.3,11.3,30
,,,,,,,,,,,,,,,,,,,,,,,,10.367,184.3,-4.3,,10.367,-11.3,11.3,30
,,,,,,,,,,,,,,,,,,,,,,,,10.4,184.3,-4.3,,10.4,-11.3,11.3,30
,,,,,,,,,,,,,,,,,,,,,,,,10.433,184.3,-4.3,,10.433,-11.3,11.3,30
,,,,,,,,,,,,,,,,,,,,,,,,10.467,184.3,-4.3,,10.467,-11.3,11.3,30
,,,,,,,,,,,,,,,,,,,,,,,,10.5,184.4,-4.4,,10.5,-11.3,11.3,30
,,,,,,,,,,,,,,,,,,,,,,,,10.533,184.3,-4.3,,10.533,-11.3,11.3,30
,,,,,,,,,,,,,,,,,,,,,,,,10.567,184.3,-4.3,,10.567,-11.3,11.3,30
,,,,,,,,,,,,,,,,,,,,,,,,10.6,184.4,-4.4,,10.6,-11.3,11.3,30
,,,,,,,,,,,,,,,,,,,,,,,,10.633,184.3,-4.3,,10.633,-11.3,11.3,30
,,,,,,,,,,,,,,,,,,,,,,,,10.667,184.3,-4.3,,10.667,-11.3,11.3,30
,,,,,,,,,,,,,,,,,,,,,,,,10.7,184.3,-4.3,,10.7,-11.3,11.3,30
,,,,,,,,,,,,,,,,,,,,,,,,10.733,184.3,-4.3,,10.733,-11.3,11.3,30
,,,,,,,,,,,,,,,,,,,,,,,,10.767,184.3,-4.3,,10.767,-11.3,11.3,30
,,,,,,,,,,,,,,,,,,,,,,,,10.8,184.4,-4.4,,10.8,-11.3,11.3,30
,,,,,,,,,,,,,,,,,,,,,,,,10.833,184.4,-4.4,,10.833,-11.3,11.3,30
,,,,,,,,,,,,,,,,,,,,,,,,10.867,184.3,-4.3,,10.867,-11.3,11.3,30
,,,,,,,,,,,,,,,,,,,,,,,,10.9,184.3,-4.3,,10.9,-11.3,11.3,30
,,,,,,,,,,,,,,,,,,,,,,,,10.933,184.3,-4.3,,10.933,-11.3,11.3,30
,,,,,,,,,,,,,,,,,,,,,,,,10.967,184.4,-4.4,,10.967,-11.3,11.3,30
,,,,,,,,,,,,,,,,,,,,,,,,11,184.4,-4.4,,11,-11.3,11.3,30
,,,,,,,,,,,,,,,,,,,,,,,,11.033,184.4,-4.4,,11.033,-11.3,11.3,30
,,,,,,,,,,,,,,,,,,,,,,,,11.067,184.3,-4.3,,11.067,-11.3,11.3,30
,,,,,,,,,,,,,,,,,,,,,,,,11.1,184.3,-4.3,,11.1,-11.3,11.3,30
,,,,,,,,,,,,,,,,,,,,,,,,11.133,184.4,-4.4,,11.133,-11.3,11.3,30
,,,,,,,,,,,,,,,,,,,,,,,,11.167,184.2,-4.2,,11.167,-11.3,11.3,30
,,,,,,,,,,,,,,,,,,,,,,,,11.2,184.4,-4.4,,11.2,-11.3,11.3,30
,,,,,,,,,,,,,,,,,,,,,,,,11.233,184.5,-4.5,,11.233,-11.3,11.3,30
,,,,,,,,,,,,,,,,,,,,,,,,11.267,184.5,-4.5,,11.267,-11.3,11.3,30
,,,,,,,,,,,,,,,,,,,,,,,,11.3,184.5,-4.5,,11.3,-11.3,11.3,30
,,,,,,,,,,,,,,,,,,,,,,,,11.333,184.3,-4.3,,11.333,-11.2,11.2,30
,,,,,,,,,,,,,,,,,,,,,,,,11.367,184.3,-4.3,,11.367,-11.3,11.3,30
,,,,,,,,,,,,,,,,,,,,,,,,11.4,184.3,-4.3,,11.4,-11.3,11.3,30
,,,,,,,,,,,,,,,,,,,,,,,,11.433,184.3,-4.3,,11.433,-11.3,11.3,30
,,,,,,,,,,,,,,,,,,,,,,,,11.467,184.3,-4.3,,11.467,-11.3,11.3,30
,,,,,,,,,,,,,,,,,,,,,,,,11.5,184.3,-4.3,,11.5,-11.3,11.3,30
,,,,,,,,,,,,,,,,,,,,,,,,11.533,184.3,-4.3,,11.533,-11.3,11.3,30
,,,,,,,,,,,,,,,,,,,,,,,,11.567,184.3,-4.3,,11.567,-11.3,11.3,30
,,,,,,,,,,,,,,,,,,,,,,,,11.6,184.3,-4.3,,11.6,-11.3,11.3,30
,,,,,,,,,,,,,,,,,,,,,,,,11.633,184.3,-4.3,,11.633,-11.3,11.3,30
,,,,,,,,,,,,,,,,,,,,,,,,11.667,184.3,-4.3,,11.667,-11.3,11.3,30
,,,,,,,,,,,,,,,,,,,,,,,,11.7,184.3,-4.3,,11.7,-11.3,11.3,30
,,,,,,,,,,,,,,,,,,,,,,,,11.733,184.3,-4.3,,11.733,-11.3,11.3,30
,,,,,,,,,,,,,,,,,,,,,,,,11.767,184.3,-4.3,,11.767,-11.3,11.3,30
,,,,,,,,,,,,,,,,,,,,,,,,11.8,184.3,-4.3,,11.8,-11.3,11.3,30
,,,,,,,,,,,,,,,,,,,,,,,,11.833,184.3,-4.3,,11.833,-11.3,11.3,30
,,,,,,,,,,,,,,,,,,,,,,,,11.867,184.3,-4.3,,11.867,-11.3,11.3,30
,,,,,,,,,,,,,,,,,,,,,,,,11.9,184.3,-4.3,,11.9,-11.3,11.3,30
,,,,,,,,,,,,,,,,,,,,,,,,11.933,184.3,-4.3,,11.933,-11.3,11.3,30
,,,,,,,,,,,,,,,,,,,,,,,,11.967,184.3,-4.3,,11.967,-11.3,11.3,30
,,,,,,,,,,,,,,,,,,,,,,,,12,184.3,-4.3,,12,-11.3,11.3,30
,,,,,,,,,,,,,,,,,,,,,,,,12.033,184.4,-4.4,,12.033,-11.3,11.3,30
,,,,,,,,,,,,,,,,,,,,,,,,12.067,184.4,-4.4,,12.067,-11.3,11.3,30
,,,,,,,,,,,,,,,,,,,,,,,,12.1,184.4,-4.4,,12.1,-11.3,11.3,30
,,,,,,,,,,,,,,,,,,,,,,,,12.133,184.3,-4.3,,12.133,-11.3,11.3,30
,,,,,,,,,,,,,,,,,,,,,,,,12.167,184.3,-4.3,,12.167,-11.3,11.3,30
,,,,,,,,,,,,,,,,,,,,,,,,12.2,184.3,-4.3,,12.2,-11.3,11.3,30
,,,,,,,,,,,,,,,,,,,,,,,,12.233,184.3,-4.3,,12.233,-11.3,11.3,30
,,,,,,,,,,,,,,,,,,,,,,,,12.267,184.3,-4.3,,12.267,-11.3,11.3,30
,,,,,,,,,,,,,,,,,,,,,,,,12.3,184.3,-4.3,,12.3,-11.3,11.3,30
,,,,,,,,,,,,,,,,,,,,,,,,12.333,184.3,-4.3,,12.333,-11.3,11.3,30
,,,,,,,,,,,,,,,,,,,,,,,,12.367,184.3,-4.3,,12.367,-11.3,11.3,30
,,,,,,,,,,,,,,,,,,,,,,,,12.4,184.3,-4.3,,12.4,-11.3,11.3,30
,,,,,,,,,,,,,,,,,,,,,,,,12.433,184.3,-4.3,,12.433,-11.3,11.3,30
,,,,,,,,,,,,,,,,,,,,,,,,12.467,184.3,-4.3,,12.467,-11.3,11.3,30
,,,,,,,,,,,,,,,,,,,,,,,,12.5,184.3,-4.3,,12.5,-11.3,11.3,30
,,,,,,,,,,,,,,,,,,,,,,,,12.533,184.3,-4.3,,12.533,-11.3,11.3,30
,,,,,,,,,,,,,,,,,,,,,,,,12.567,184.3,-4.3,,12.567,-11.3,11.3,30
,,,,,,,,,,,,,,,,,,,,,,,,12.6,184.3,-4.3,,12.6,-11.3,11.3,30
,,,,,,,,,,,,,,,,,,,,,,,,12.633,184.3,-4.3,,12.633,-11.3,11.3,30
,,,,,,,,,,,,,,,,,,,,,,,,12.667,184.3,-4.3,,12.667,-11.3,11.3,30
,,,,,,,,,,,,,,,,,,,,,,,,12.7,184.3,-4.3,,12.7,-11.3,11.3,30
,,,,,,,,,,,,,,,,,,,,,,,,12.733,184.3,-4.3,,12.733,-11.3,11.3,30
,,,,,,,,,,,,,,,,,,,,,,,,12.767,184.2,-4.2,,12.767,-11.3,11.3,30
,,,,,,,,,,,,,,,,,,,,,,,,12.8,184.1,-4.1,,12.8,-11.3,11.3,30
,,,,,,,,,,,,,,,,,,,,,,,,12.833,184.3,-4.3,,12.833,-11.3,11.3,30
,,,,,,,,,,,,,,,,,,,,,,,,12.867,184.3,-4.3,,12.867,-11.3,11.3,30
,,,,,,,,,,,,,,,,,,,,,,,,12.9,184.3,-4.3,,12.9,-11.3,11.3,30
,,,,,,,,,,,,,,,,,,,,,,,,12.933,184.3,-4.3,,12.933,-11.3,11.3,30
,,,,,,,,,,,,,,,,,,,,,,,,12.967,184.3,-4.3,,12.967,-11.3,11.3,30
,,,,,,,,,,,,,,,,,,,,,,,,13,184.2,-4.2,,13,-11.3,11.3,30
,,,,,,,,,,,,,,,,,,,,,,,,13.033,184.2,-4.2,,13.033,-11.3,11.3,30
,,,,,,,,,,,,,,,,,,,,,,,,13.067,184.3,-4.3,,13.067,-11.3,11.3,30
,,,,,,,,,,,,,,,,,,,,,,,,13.1,184.3,-4.3,,13.1,-11.3,11.3,30
,,,,,,,,,,,,,,,,,,,,,,,,13.133,184.3,-4.3,,13.133,-11.3,11.3,30
,,,,,,,,,,,,,,,,,,,,,,,,13.167,184.3,-4.3,,13.167,-11.3,11.3,30
,,,,,,,,,,,,,,,,,,,,,,,,13.2,184.3,-4.3,,13.2,-11.3,11.3,30
,,,,,,,,,,,,,,,,,,,,,,,,13.233,184.4,-4.4,,13.233,-11.3,11.3,30
,,,,,,,,,,,,,,,,,,,,,,,,13.267,184.4,-4.4,,13.267,-11.3,11.3,30
,,,,,,,,,,,,,,,,,,,,,,,,13.3,184.3,-4.3,,13.3,-11.3,11.3,30
,,,,,,,,,,,,,,,,,,,,,,,,13.333,184.3,-4.3,,13.333,-11.3,11.3,30
,,,,,,,,,,,,,,,,,,,,,,,,13.367,184.4,-4.4,,13.367,-11.4,11.4,30
,,,,,,,,,,,,,,,,,,,,,,,,13.4,184.4,-4.4,,13.4,-11.4,11.4,30
,,,,,,,,,,,,,,,,,,,,,,,,13.433,184.3,-4.3,,13.433,-11.4,11.4,30
,,,,,,,,,,,,,,,,,,,,,,,,13.467,184.4,-4.4,,13.467,-11.4,11.4,30
,,,,,,,,,,,,,,,,,,,,,,,,13.5,184.3,-4.3,,13.5,-11.4,11.4,30
,,,,,,,,,,,,,,,,,,,,,,,,13.533,184.2,-4.2,,13.533,-11.6,11.6,30
,,,,,,,,,,,,,,,,,,,,,,,,13.567,184.1,-4.1,,13.567,-11.7,11.7,30
,,,,,,,,,,,,,,,,,,,,,,,,13.6,184.2,-4.2,,13.6,-11.7,11.7,30
,,,,,,,,,,,,,,,,,,,,,,,,13.633,183.7,-3.7,,13.633,-11.9,11.9,30
,,,,,,,,,,,,,,,,,,,,,,,,13.667,183.9,-3.9,,13.667,-11.9,11.9,30
,,,,,,,,,,,,,,,,,,,,,,,,13.7,183.7,-3.7,,13.7,-11.9,11.9,30
,,,,,,,,,,,,,,,,,,,,,,,,13.733,183.7,-3.7,,13.733,-11.9,11.9,0
,,,,,,,,,,,,,,,,,,,,,,,,13.767,183.6,-3.6,,13.767,-12,12,0
,,,,,,,,,,,,,,,,,,,,,,,,13.8,183.7,-3.7,,13.8,-12.2,12.2,0
,,,,,,,,,,,,,,,,,,,,,,,,13.833,183.3,-3.3,,13.833,-12.3,12.3,0
,,,,,,,,,,,,,,,,,,,,,,,,13.867,183,-3,,13.867,-12.4,12.4,0
,,,,,,,,,,,,,,,,,,,,,,,,13.9,183.1,-3.1,,13.9,-12.5,12.5,0
,,,,,,,,,,,,,,,,,,,,,,,,13.933,182.8,-2.8,,13.933,-12.6,12.6,0
,,,,,,,,,,,,,,,,,,,,,,,,13.967,182.7,-2.7,,13.967,-12.7,12.7,0
,,,,,,,,,,,,,,,,,,,,,,,,14,182.5,-2.5,,14,-12.9,12.9,0
,,,,,,,,,,,,,,,,,,,,,,,,14.033,182.2,-2.2,,14.033,-13,13,0
,,,,,,,,,,,,,,,,,,,,,,,,14.067,182,-2,,14.067,-13.2,13.2,0
,,,,,,,,,,,,,,,,,,,,,,,,14.1,181.6,-1.6,,14.1,-13.5,13.5,0
,,,,,,,,,,,,,,,,,,,,,,,,14.133,181.2,-1.2,,14.133,-13.8,13.8,0
,,,,,,,,,,,,,,,,,,,,,,,,14.167,180.9,-0.9,,14.167,-14.2,14.2,0
,,,,,,,,,,,,,,,,,,,,,,,,14.2,180.3,-0.3,,14.2,-14.5,14.5,0
,,,,,,,,,,,,,,,,,,,,,,,,14.233,179.9,0.1,,14.233,-14.7,14.7,0
,,,,,,,,,,,,,,,,,,,,,,,,14.267,179.6,0.4,,14.267,-15.1,15.1,0
,,,,,,,,,,,,,,,,,,,,,,,,14.3,179.3,0.7,,14.3,-15.3,15.3,0
,,,,,,,,,,,,,,,,,,,,,,,,14.333,179,1,,14.333,-15.5,15.5,0
,,,,,,,,,,,,,,,,,,,,,,,,14.367,178.8,1.2,,14.367,-15.5,15.5,0
,,,,,,,,,,,,,,,,,,,,,,,,14.4,179,1,,14.4,-15.6,15.6,0
,,,,,,,,,,,,,,,,,,,,,,,,14.433,178.6,1.4,,14.433,-15.7,15.7,0
,,,,,,,,,,,,,,,,,,,,,,,,14.467,178.5,1.5,,14.467,-15.7,15.7,0
,,,,,,,,,,,,,,,,,,,,,,,,14.5,178.5,1.5,,14.5,-15.7,15.7,0
,,,,,,,,,,,,,,,,,,,,,,,,14.533,178.7,1.3,,14.533,-15.7,15.7,0
,,,,,,,,,,,,,,,,,,,,,,,,14.567,178.6,1.4,,14.567,-15.7,15.7,0
,,,,,,,,,,,,,,,,,,,,,,,,14.6,178.7,1.3,,14.6,-15.7,15.7,0
,,,,,,,,,,,,,,,,,,,,,,,,14.633,178.6,1.4,,14.633,-15.7,15.7,0
,,,,,,,,,,,,,,,,,,,,,,,,14.667,178.7,1.3,,14.667,-15.7,15.7,0
,,,,,,,,,,,,,,,,,,,,,,,,14.7,178.6,1.4,,14.7,-15.7,15.7,0
,,,,,,,,,,,,,,,,,,,,,,,,14.733,178.5,1.5,,14.733,-15.7,15.7,0
,,,,,,,,,,,,,,,,,,,,,,,,14.767,178.5,1.5,,14.767,-15.6,15.6,0
,,,,,,,,,,,,,,,,,,,,,,,,14.8,178.6,1.4,,14.8,-15.6,15.6,0
,,,,,,,,,,,,,,,,,,,,,,,,14.833,178.7,1.3,,14.833,-15.6,15.6,0
,,,,,,,,,,,,,,,,,,,,,,,,14.867,178.6,1.4,,14.867,-15.6,15.6,0
,,,,,,,,,,,,,,,,,,,,,,,,14.9,178.5,1.5,,14.9,-15.6,15.6,0
,,,,,,,,,,,,,,,,,,,,,,,,14.933,178.5,1.5,,14.933,-15.6,15.6,0
,,,,,,,,,,,,,,,,,,,,,,,,14.967,178.5,1.5,,14.967,-15.6,15.6,0
,,,,,,,,,,,,,,,,,,,,,,,,15,178.5,1.5,,15,-15.6,15.6,0
,,,,,,,,,,,,,,,,,,,,,,,,15.033,178.6,1.4,,15.033,-15.6,15.6,0
,,,,,,,,,,,,,,,,,,,,,,,,15.067,178.7,1.3,,15.067,-15.5,15.5,0
,,,,,,,,,,,,,,,,,,,,,,,,15.1,178.8,1.2,,15.1,-15.5,15.5,0
,,,,,,,,,,,,,,,,,,,,,,,,15.133,178.8,1.2,,15.133,-15.5,15.5,0
,,,,,,,,,,,,,,,,,,,,,,,,15.167,178.8,1.2,,15.167,-15.3,15.3,0
,,,,,,,,,,,,,,,,,,,,,,,,15.2,179.1,0.9,,15.2,-15.3,15.3,0
,,,,,,,,,,,,,,,,,,,,,,,,15.233,179.3,0.7,,15.233,-15.2,15.2,0
,,,,,,,,,,,,,,,,,,,,,,,,15.267,179.3,0.7,,15.267,-15.2,15.2,0
,,,,,,,,,,,,,,,,,,,,,,,,15.3,179.6,0.4,,15.3,-15,15,0
,,,,,,,,,,,,,,,,,,,,,,,,15.333,179.8,0.2,,15.333,-14.9,14.9,0
,,,,,,,,,,,,,,,,,,,,,,,,15.367,179.8,0.2,,15.367,-14.7,14.7,0
,,,,,,,,,,,,,,,,,,,,,,,,15.4,180.2,-0.2,,15.4,-14.5,14.5,0
,,,,,,,,,,,,,,,,,,,,,,,,15.433,180.4,-0.4,,15.433,-14.3,14.3,0
,,,,,,,,,,,,,,,,,,,,,,,,15.467,181,-1,,15.467,-14,14,0
,,,,,,,,,,,,,,,,,,,,,,,,15.5,181.5,-1.5,,15.5,-13.6,13.6,0
,,,,,,,,,,,,,,,,,,,,,,,,15.533,181.9,-1.9,,15.533,-13,13,0
,,,,,,,,,,,,,,,,,,,,,,,,15.567,182.7,-2.7,,15.567,-12.5,12.5,0
,,,,,,,,,,,,,,,,,,,,,,,,15.6,183.9,-3.9,,15.6,-11.6,11.6,0
,,,,,,,,,,,,,,,,,,,,,,,,15.633,185,-5,,15.633,-10.3,10.3,0
,,,,,,,,,,,,,,,,,,,,,,,,15.667,186.6,-6.6,,15.667,-9,9,0
,,,,,,,,,,,,,,,,,,,,,,,,15.7,188.4,-8.4,,15.7,-7.5,7.5,0
,,,,,,,,,,,,,,,,,,,,,,,,15.733,190.5,-10.5,,15.733,-5.5,5.5,0
,,,,,,,,,,,,,,,,,,,,,,,,15.767,192.7,-12.7,,15.767,-3.3,3.3,0
,,,,,,,,,,,,,,,,,,,,,,,,15.8,195.9,-15.9,,15.8,-0.6,0.6,0
,,,,,,,,,,,,,,,,,,,,,,,,15.833,199,-19,,15.833,2.5,-2.5,0
,,,,,,,,,,,,,,,,,,,,,,,,15.867,204.4,-24.4,,15.867,7.2,-7.2,0
,,,,,,,,,,,,,,,,,,,,,,,,15.9,208.9,-28.9,,15.9,12.2,-12.2,0
,,,,,,,,,,,,,,,,,,,,,,,,15.933,216.2,-36.2,,15.933,18,-18,0
,,,,,,,,,,,,,,,,,,,,,,,,15.967,220.9,-40.9,,15.967,25.2,-25.2,0
,,,,,,,,,,,,,,,,,,,,,,,,16,227.9,-47.9,,16,33.3,-33.3,0
,,,,,,,,,,,,,,,,,,,,,,,,16.033,239.5,-59.5,,16.033,44.1,-44.1,0
,,,,,,,,,,,,,,,,,,,,,,,,16.067,,,,16.067,,,
,,,,,,,,,,,,,,,,,,,,,,,,16.1,,,,16.1,,,
,,,,,,,,,,,,,,,,,,,,,,,,16.133,,,,16.133,,,
,,,,,,,,,,,,,,,,,,,,,,,,16.167,,,,16.167,,,
,,,,,,,,,,,,,,,,,,,,,,,,16.2,,,,16.2,,,
,,,,,,,,,,,,,,,,,,,,,,,,16.233,,,,16.233,,,
,,,,,,,,,,,,,,,,,,,,,,,,16.267,,,,16.267,,,
,,,,,,,,,,,,,,,,,,,,,,,,16.3,,,,16.3,,,
,,,,,,,,,,,,,,,,,,,,,,,,16.333,,,,16.333,,,
,,,,,,,,,,,,,,,,,,,,,,,,16.367,,,,16.367,,,
,,,,,,,,,,,,,,,,,,,,,,,,16.4,,,,16.4,,,
,,,,,,,,,,,,,,,,,,,,,,,,16.433,,,,16.433,,,
,,,,,,,,,,,,,,,,,,,,,,,,16.467,,,,16.467,,,
,,,,,,,,,,,,,,,,,,,,,,,,16.5,,,,16.5,,,
,,,,,,,,,,,,,,,,,,,,,,,,16.533,,,,16.533,,,
,,,,,,,,,,,,,,,,,,,,,,,,16.567,,,,16.567,,,
,,,,,,,,,,,,,,,,,,,,,,,,16.6,,,,16.6,,,
,,,,,,,,,,,,,,,,,,,,,,,,16.633,,,,16.633,,,
,,,,,,,,,,,,,,,,,,,,,,,,16.667,,,,16.667,,,
,,,,,,,,,,,,,,,,,,,,,,,,16.7,,,,16.7,,,
,,,,,,,,,,,,,,,,,,,,,,,,16.733,,,,16.733,,,
,,,,,,,,,,,,,,,,,,,,,,,,16.767,,,,16.767,,,
,,,,,,,,,,,,,,,,,,,,,,,,16.8,,,,16.8,,,
,,,,,,,,,,,,,,,,,,,,,,,,16.833,,,,16.833,,,
,,,,,,,,,,,,,,,,,,,,,,,,16.867,,,,16.867,,,
,,,,,,,,,,,,,,,,,,,,,,,,,,,,16.9,,,
,,,,,,,,,,,,,,,,,,,,,,,,,,,,16.933,,,
,,,,,,,,,,,,,,,,,,,,,,,,,,,,16.967,,,
,,,,,,,,,,,,,,,,,,,,,,,,,,,,17,,,
,,,,,,,,,,,,,,,,,,,,,,,,,,,,17.033,,,
,,,,,,,,,,,,,,,,,,,,,,,,,,,,17.067,,,
,,,,,,,,,,,,,,,,,,,,,,,,,,,,17.1,,,
,,,,,,,,,,,,,,,,,,,,,,,,,,,,17.133,,,
,,,,,,,,,,,,,,,,,,,,,,,,,,,,17.167,,,
,,,,,,,,,,,,,,,,,,,,,,,,,,,,17.2,,,
,,,,,,,,,,,,,,,,,,,,,,,,,,,,17.233,,,
,,,,,,,,,,,,,,,,,,,,,,,,,,,,17.267,,,
,,,,,,,,,,,,,,,,,,,,,,,,,,,,17.3,,,
,,,,,,,,,,,,,,,,,,,,,,,,,,,,17.333,,,
,,,,,,,,,,,,,,,,,,,,,,,,,,,,17.367,,,
,,,,,,,,,,,,,,,,,,,,,,,,,,,,17.4,,,
,,,,,,,,,,,,,,,,,,,,,,,,,,,,17.433,,,
,,,,,,,,,,,,,,,,,,,,,,,,,,,,17.467,,,
,,,,,,,,,,,,,,,,,,,,,,,,,,,,17.5,,,
,,,,,,,,,,,,,,,,,,,,,,,,,,,,17.533,,,
,,,,,,,,,,,,,,,,,,,,,,,,,,,,17.567,,,
,,,,,,,,,,,,,,,,,,,,,,,,,,,,17.6,,,
,,,,,,,,,,,,,,,,,,,,,,,,,,,,17.633,,,
,,,,,,,,,,,,,,,,,,,,,,,,,,,,17.667,,,
,,,,,,,,,,,,,,,,,,,,,,,,,,,,17.7,,,
,,,,,,,,,,,,,,,,,,,,,,,,,,,,17.733,,,
,,,,,,,,,,,,,,,,,,,,,,,,,,,,17.767,,,
,,,,,,,,,,,,,,,,,,,,,,,,,,,,17.8,,,
,,,,,,,,,,,,,,,,,,,,,,,,,,,,17.833,,,
,,,,,,,,,,,,,,,,,,,,,,,,,,,,17.867,,,
,,,,,,,,,,,,,,,,,,,,,,,,,,,,17.9,,,
,,,,,,,,,,,,,,,,,,,,,,,,,,,,17.933,,,
,,,,,,,,,,,,,,,,,,,,,,,,,,,,17.967,,,
,,,,,,,,,,,,,,,,,,,,,,,,,,,,18,,,
